use bejibun
go

insert into CustomerDetail
values 
('CU001', 'Salvatorx', 'Female', '08156426984', '2001-03-28'),
('CU002', 'Vito Ega', 'Male', '081258963148', '1995-02-10'),
('CU003', 'Timotius', 'Male', '087736954782', '2012-12-10'),
('CU004', 'Noni', 'Female', '082698750212', '1990-09-12'),
('CU005', 'Yehezkiel', 'Male', '089654123558', '2021-10-12'),
('CU006', 'Albert', 'Male', '085322698755', '2020-07-01'),
('CU007', 'Michi', 'Female', '081789555412', '2010-12-25'),
('CU008', 'Jessica', 'Female', '087984123369', '2005-08-15'),
('CU009', 'Prudential', 'Female', '081321654879', '2001-03-28'),
('CU010', 'Silva', 'Male', '081235498745', '2014-01-03'),
('CU011', 'Vablo', 'Male', '087567883668', '2011-12-25'),
('CU012', 'Nadya Natalia', 'Female', '089532442674', '2002-10-15'),
('CU013', 'Angel', 'Female', '084556753227', '1990-01-18'),
('CU014', 'Billy', 'Male', '087529771028', '1992-06-15'),
('CU015', 'Ivana', 'Female', '081620281038', '1996-04-25')

insert into StaffDetail
values 
('ST001', 'Atta Geledek', 'Male', '089123456789', 5000000),
('ST002', 'Pukies', 'Male', '081808185687', 6000000),
('ST003', 'Arnolt', 'Male', '081590872543', 7000000),
('ST004', 'Krisdayanto', 'Female', '089654678543', 5000000),
('ST005', 'Raffi Akmal', 'Male', '089568432567', 5500000),
('ST006', 'Ragil', 'Male', '081576895430', 9000000),
('ST007', 'Cimoy', 'Female', '081800002967', 8000000),
('ST008', 'Bowo', 'Male', '08771989765', 6000000),
('ST009', 'Lalila', 'Female', '087777165098', 7500000),
('ST010', 'Jeni Blekping', 'Female', '081808183241',5000000),
('ST011', 'Fuji', 'Female', '081390857621', 6000000),
('ST012', 'Andika', 'Male', '081801019090', 8000000),
('ST013', 'Lulu', 'Female', '087718560601', 6000000),
('ST014', 'Guagua', 'Male', '085677886030', 7500000),
('ST015', 'Kenjiro', 'Male', '081808133231',5000000)

INSERT INTO ItemTypeDetail
VALUES
('IP001', 'Meat'),
('IP002', 'Seafood'),
('IP003', 'Electronic'),
('IP004', 'Gadget'),
('IP005', 'Appliance'),
('IP006', 'Dairy'),
('IP007', 'Baverage'),
('IP008', 'Fruit'),
('IP009', 'Clothe'),
('IP010', 'Pet Food'),
('IP011', 'Frozen Food'),
('IP012', 'Spices'),
('IP013', 'Vegetable'),
('IP014', 'Cleaning supplies'),
('IP015', 'Pharmacy'),
('IP016', 'Drink')

INSERT INTO ItemDetail
VALUES
('IT001', 'IP001', 'Beef', 60000, 1),
('IT002', 'IP002', 'Salmon', 40000, 1),
('IT003', 'IP003', 'Charger Cable', 10000, 1),
('IT004', 'IP001', 'Pork', 65000, 1),
('IT005', 'IP002', 'Tuna', 40000, 1),
('IT006', 'IP006', 'Cow Milk', 19000, 1),
('IT007', 'IP003', 'Light Bulb', 30000, 5),
('IT008', 'IP010', 'Chicken', 30000, 1),
('IT009', 'IP002', 'Crab', 60000, 1),
('IT010', 'IP011', 'Nugget', 45000, 1),
('IT011', 'IP006', 'Almond milk', 30000, 1),
('IT012', 'IP015', 'Tolak angin', 2500, 10),
('IT013', 'IP014', 'Broom', 20000, 1),
('IT014', 'IP013', 'Egg plant', 15000, 2),
('IT015', 'IP012', 'Salt', 10000, 1),
('IT016', 'IP016', 'Frestea', 6000, 1)

insert into SalesTransaction
values
('SA001', 'CU006', 'ST010', '2021-10-01'),
('SA002', 'CU009', 'ST007', '2021-10-01'),
('SA003', 'CU006', 'ST008', '2021-10-05'),
('SA004', 'CU010', 'ST001', '2021-10-06'),
('SA005', 'CU005', 'ST010', '2021-10-09'),
('SA006', 'CU001', 'ST009', '2021-10-10'),
('SA007', 'CU002', 'ST009', '2021-10-30'),
('SA008', 'CU002', 'ST001', '2021-11-01'),
('SA009', 'CU012', 'ST003', '2021-10-02'),
('SA010', 'CU003', 'ST002', '2021-12-07'),
('SA011', 'CU009', 'ST006', '2021-09-13'),
('SA012', 'CU010', 'ST005', '2021-11-28'),
('SA013', 'CU004', 'ST008', '2021-11-01'),
('SA014', 'CU007', 'ST015', '2021-09-15'),
('SA015', 'CU008', 'ST004', '2021-09-11'),
('SA016', 'CU001', 'ST009', '2021-10-10'),
('SA017', 'CU004', 'ST008', '2021-12-12'),
('SA018', 'CU007', 'ST013', '2021-12-10'),
('SA019', 'CU013', 'ST012', '2021-12-11'),
('SA020', 'CU014', 'ST011', '2021-12-05')

INSERT INTO SalesTransactionDetail
VALUES
('SA001', 'IT001', 2),
('SA001', 'IT002', 3),
('SA001', 'IT004', 2),
('SA002', 'IT003', 1),
('SA003', 'IT006', 10),
('SA003', 'IT008', 4),
('SA004', 'IT009', 10),
('SA004', 'IT010', 10),
('SA005', 'IT002', 3),
('SA005', 'IT005', 3),
('SA005', 'IT010', 3),
('SA006', 'IT001', 2),
('SA006', 'IT002', 3),
('SA006', 'IT003', 1),
('SA007', 'IT004', 2),
('SA007', 'IT005', 3),
('SA007', 'IT006', 3),
('SA008', 'IT007', 5),
('SA008', 'IT008', 3),
('SA008', 'IT009', 2),
('SA009', 'IT001', 2),
('SA010', 'IT010', 10),
('SA011', 'IT001', 8),
('SA012', 'IT004', 5),
('SA013', 'IT005', 9),
('SA014', 'IT006', 10),
('SA015', 'IT010', 12),
('SA016', 'IT012', 10),
('SA017', 'IT016', 3),
('SA018', 'IT015', 1),
('SA019', 'IT013', 2),
('SA020', 'IT011', 2)



insert into VendorDetail
values
('VE001', 'Satrio', '081213144058' , 'Medang Street', 'Timotius@gmail.com'),
('VE002', 'Mobi', '081213144022' , 'Gading Serpong Street', 'mobi@binus.com'),
('VE003', 'Tretan', '081213144069' , 'Jakut Street', 'tretanus@gmail.com'),
('VE004', 'Mamat', '081213224269' , 'Jakbar Food Street', 'Bangmamat@gmail.com'),
('VE005', 'Eko', '081213112409' , 'Yutup Street', 'masukpakeko@gmail.com'),
('VE006', 'Coki', '081213122069' , 'BNN Street', 'tersesat@yahoo.com'),
('VE007', 'Lapar', '081413144022' , 'Gading Food Street', 'makanyuk@gmail.com'),
('VE008', 'Prudentia', '081210044069' , 'Danau Street', 'bukanagenasuransi@gmail.com'),
('VE009', 'Jepon', '087773224269' , 'Bandung Food Street', 'jeponi@ymail.com'),
('VE010', 'Bajaj', '081212342409' , 'Jojo Street', 'Bajujaj@binus.com'),
('VE011', 'Salivatori', '081222132069' , 'Jangkung Street', 'Saliva@yahoo.com'),
('VE012', 'Tinky', '081412342124' , 'Ruby Street', 'tinky@gmail.com'),
('VE013', 'Dipsy', '081256798080' , 'Sapphire Street', 'dipsy@gmail.com'),
('VE014', 'Lala', '087710109780' , 'Amethys Street', 'lalaz@ymail.com'),
('VE015', 'Popo', '081257890909' , 'Topaz Street', 'popobarbie@binus.com')

insert into PurchaseTransaction
values
('PH001', 'ST002', 'VE003' , '2020-01-19', '2020-01-21'),
('PH002', 'ST004', 'VE011' , '2019-01-18', null),
('PH003', 'ST001', 'VE010' , '2017-01-19',null),
('PH004', 'ST010', 'VE008' , '2021-02-19', '2021-09-21'),
('PH005', 'ST009', 'VE006' , '2001-01-11', '2002-03-21'),
('PH006', 'ST003', 'VE003' , '2021-01-23', '2020-01-31'),
('PH007', 'ST002', 'VE002' , '2009-01-29', '2020-01-11'),
('PH008', 'ST001', 'VE001' , '2008-04-1', '2020-07-22'),
('PH009', 'ST007', 'VE007' , '2011-07-9', '2021-03-21'),
('PH010', 'ST006', 'VE005' , '2021-02-19', null),
('PH011', 'ST003', 'VE004' , '2020-12-19', null),
('PH012', 'ST001', 'VE003' , '2000-01-19', '2001-01-1'),
('PH013', 'ST005', 'VE008' , '1996-03-19', '1997-01-15'),
('PH014', 'ST004', 'VE011' , '1990-11-19', '1991-01-2'),
('PH015', 'ST011', 'VE001' , '2021-02-19', '2021-04-11'),
('PH016', 'ST013', 'VE004' , '2020-11-19', null),
('PH017', 'ST015', 'VE010' , '2001-01-19', '2001-02-12'),
('PH018', 'ST012', 'VE008' , '1996-04-19', '1996-04-21'),
('PH019', 'ST011', 'VE011' , '1990-10-19', '1990-11-01'),
('PH020', 'ST014', 'VE015' , '2022-02-19', '2023-01-02')

insert into PurchaseTransactionDetail
values
('PH001', 'IT014', 5),
('PH001', 'IT006', 7),
('PH002', 'IT009', 19),
('PH003', 'IT002', 2),
('PH003', 'IT010', 9),
('PH004', 'IT009', 14),
('PH005', 'IT003', 10),
('PH005', 'IT007', 5),
('PH006', 'IT002', 9),
('PH007', 'IT005', 8),
('PH007', 'IT010', 15),
('PH007', 'IT001', 2),
('PH008', 'IT008', 6),
('PH009', 'IT004', 25),
('PH009', 'IT012', 7),
('PH010', 'IT001', 8),
('PH011', 'IT003', 20),
('PH011', 'IT007', 15),
('PH012', 'IT010', 3),
('PH013', 'IT015', 12),
('PH013', 'IT005', 12),
('PH013', 'IT011', 1),
('PH014', 'IT009', 3),
('PH015', 'IT012', 10),
('PH015', 'IT013', 16),
('PH016', 'IT016', 12),
('PH016', 'IT013', 20),
('PH017', 'IT012', 5),
('PH017', 'IT010', 8),
('PH018', 'IT002', 30),
('PH018', 'IT015', 15),
('PH018', 'IT012', 20),
('PH019', 'IT006', 18),
('PH020', 'IT001', 7),
('PH020', 'IT008', 10)